CREATE TABLE FACULTAD
(
  ID_FACULTAD  INT NOT NULL,
  NOMBRE       NVARCHAR(50)
)

CREATE TABLE PROGRAMA
(
  FACULTAD     INT NOT NULL,
  ID_PROGRAMA  INT NOT NULL,
  NOMBRE       NVARCHAR(50)
)

CREATE TABLE MATERIAS
(
  FACULTAD    INT NOT NULL,
  PROGRAMA    INT NOT NULL,
  ID_MATERIA  INT NOT NULL,
  NOMBRE      NVARCHAR(50)
)

CREATE TABLE ESTUDIANTE
(
  CODIGO        INT NOT NULL,
  NOMBRES       NVARCHAR(50),
  APELLIDO1     NVARCHAR(50),
  APELLIDO2     NVARCHAR(50),
  TELEFONO      NVARCHAR(50),
  FACULTAD      INT,
  PROGRAMA      INT,
  FECHA_INICIO  DATE
)

CREATE TABLE INSCRIPCIONES
(
  ESTUDIANTE  INT NOT NULL,
  ANO         INT NOT NULL,
  PERIODO     INT NOT NULL,
  FECHA       DATE DEFAULT SYSDATETIME(),
  FACULTAD    INT NOT NULL,
  PROGRAMA    INT NOT NULL,
  MATERIA     INT NOT NULL,
  NOTA        FLOAT
)

CREATE TABLE ASPIRANTES
(
  CODIGO        INT NOT NULL,
  NOMBRES       NVARCHAR(50),
  APELLIDO1     NVARCHAR(50),
  APELLIDO2     NVARCHAR(50),
  TELEFONO      NVARCHAR(50),
  FACULTAD      INT,
  PROGRAMA      INT,
  FECHA_INICIO  DATE
)

CREATE TABLE PAGOS_MATRICULA
(
  ESTUDIANTE  INT NOT NULL,
  ANO         INT NOT NULL,
  PERIODO     INT NOT NULL,
  MATRICULA   INT,
  DESCUENTO   INT,
  TOTAL       INT
)

ALTER TABLE FACULTAD ADD 
CONSTRAINT FACULTAD_PK 
PRIMARY KEY(ID_FACULTAD);


ALTER TABLE PROGRAMA ADD 
  CONSTRAINT PROGRAMA_PK
 PRIMARY KEY
 (FACULTAD, ID_PROGRAMA);


ALTER TABLE MATERIAS ADD 
  CONSTRAINT MATERIAS_PK
 PRIMARY KEY
 (FACULTAD, PROGRAMA, ID_MATERIA);


ALTER TABLE ESTUDIANTE ADD 
  CONSTRAINT ESTUDIANTE_PK
 PRIMARY KEY
 (CODIGO);


ALTER TABLE INSCRIPCIONES ADD 
  CONSTRAINT VALIDAR_NOTA
 CHECK (nota >=0 and nota <=5);

ALTER TABLE INSCRIPCIONES ADD 
  CONSTRAINT INSCRIPCIONES_PK
 PRIMARY KEY
 (ESTUDIANTE, ANO, PERIODO, FACULTAD, PROGRAMA, MATERIA);


ALTER TABLE PAGOS_MATRICULA ADD 
  PRIMARY KEY
 (ESTUDIANTE, ANO, PERIODO);


ALTER TABLE PROGRAMA ADD 
  CONSTRAINT PROGRAMA_R01 
 FOREIGN KEY (FACULTAD) 
 REFERENCES FACULTAD (ID_FACULTAD);


ALTER TABLE MATERIAS ADD 
  CONSTRAINT MATERIAS_R01 
 FOREIGN KEY (FACULTAD, PROGRAMA) 
 REFERENCES PROGRAMA (FACULTAD,ID_PROGRAMA);


ALTER TABLE ESTUDIANTE ADD 
  FOREIGN KEY (FACULTAD, PROGRAMA) 
 REFERENCES PROGRAMA (FACULTAD,ID_PROGRAMA);


ALTER TABLE INSCRIPCIONES ADD 
  CONSTRAINT INSCRIPCIONES_R01 
 FOREIGN KEY (ESTUDIANTE) 
 REFERENCES ESTUDIANTE (CODIGO);

ALTER TABLE INSCRIPCIONES ADD 
  FOREIGN KEY (FACULTAD, PROGRAMA, MATERIA) 
 REFERENCES MATERIAS (FACULTAD,PROGRAMA,ID_MATERIA);


ALTER TABLE PAGOS_MATRICULA ADD 
  CONSTRAINT PAGOS_MATRICULA_R01 
 FOREIGN KEY (ESTUDIANTE) 
 REFERENCES ESTUDIANTE (CODIGO);

INSERT INTO FACULTAD ( ID_FACULTAD, NOMBRE ) VALUES ( 
1, 'BASICAS E INGENIERIAS'); 
INSERT INTO FACULTAD ( ID_FACULTAD, NOMBRE ) VALUES ( 
2, 'HUMANAS'); 

 
INSERT INTO PROGRAMA ( FACULTAD, ID_PROGRAMA, NOMBRE ) VALUES ( 
1, 1, 'INGENIERIA DE SISTEMAS'); 
INSERT INTO PROGRAMA ( FACULTAD, ID_PROGRAMA, NOMBRE ) VALUES ( 
1, 2, 'INGENIERIA INDUSTRIAL'); 
INSERT INTO PROGRAMA ( FACULTAD, ID_PROGRAMA, NOMBRE ) VALUES ( 
2, 1, 'LICENCIATURA EN MATEMATICAS Y FISICA'); 

 
INSERT INTO MATERIAS ( FACULTAD, PROGRAMA, ID_MATERIA, NOMBRE ) VALUES ( 
1, 1, 1, 'MATEMATICAS I'); 
INSERT INTO MATERIAS ( FACULTAD, PROGRAMA, ID_MATERIA, NOMBRE ) VALUES ( 
1, 1, 2, 'PROGRAMACION I'); 
INSERT INTO MATERIAS ( FACULTAD, PROGRAMA, ID_MATERIA, NOMBRE ) VALUES ( 
1, 1, 3, 'ALGEBRA LINEAL'); 
INSERT INTO MATERIAS ( FACULTAD, PROGRAMA, ID_MATERIA, NOMBRE ) VALUES ( 
1, 2, 1, 'FISICA I'); 
INSERT INTO MATERIAS ( FACULTAD, PROGRAMA, ID_MATERIA, NOMBRE ) VALUES ( 
1, 2, 2, 'MATEMATICAS I'); 
INSERT INTO MATERIAS ( FACULTAD, PROGRAMA, ID_MATERIA, NOMBRE ) VALUES ( 
1, 2, 3, 'INFORMATICA AVANZADA'); 
INSERT INTO MATERIAS ( FACULTAD, PROGRAMA, ID_MATERIA, NOMBRE ) VALUES ( 
2, 1, 1, 'INTRODUCCION A LA GEOMETRIA'); 
INSERT INTO MATERIAS ( FACULTAD, PROGRAMA, ID_MATERIA, NOMBRE ) VALUES ( 
2, 1, 2, 'ETICA'); 
INSERT INTO MATERIAS ( FACULTAD, PROGRAMA, ID_MATERIA, NOMBRE ) VALUES ( 
2, 1, 3, 'INFORMATICA BASICA'); 



INSERT INTO ASPIRANTES ( CODIGO, NOMBRES, APELLIDO1, APELLIDO2, TELEFONO, FACULTAD, PROGRAMA,
FECHA_INICIO ) VALUES ( 
1, '1', 'calderon', 'martinez', '---', 1, 1, NULL); 
INSERT INTO ASPIRANTES ( CODIGO, NOMBRES, APELLIDO1, APELLIDO2, TELEFONO, FACULTAD, PROGRAMA,
FECHA_INICIO ) VALUES ( 
2, '2', 'moreno', NULL, '---', 1, 1, NULL); 
INSERT INTO ASPIRANTES ( CODIGO, NOMBRES, APELLIDO1, APELLIDO2, TELEFONO, FACULTAD, PROGRAMA,
FECHA_INICIO ) VALUES ( 
3, '3', 'sanchez', 'sanchez', '---', 1, 1, NULL); 
INSERT INTO ASPIRANTES ( CODIGO, NOMBRES, APELLIDO1, APELLIDO2, TELEFONO, FACULTAD, PROGRAMA,
FECHA_INICIO ) VALUES ( 
4, '4', 'ruiz', 'moreno', '---', 1, 1, NULL); 
INSERT INTO ASPIRANTES ( CODIGO, NOMBRES, APELLIDO1, APELLIDO2, TELEFONO, FACULTAD, PROGRAMA,
FECHA_INICIO ) VALUES ( 
5, '5', 'morales', 'ruiz', '---', 1, 1, NULL); 
INSERT INTO ASPIRANTES ( CODIGO, NOMBRES, APELLIDO1, APELLIDO2, TELEFONO, FACULTAD, PROGRAMA,
FECHA_INICIO ) VALUES ( 
6, '6', 'castaño', NULL, '---', 1, 2, NULL); 
INSERT INTO ASPIRANTES ( CODIGO, NOMBRES, APELLIDO1, APELLIDO2, TELEFONO, FACULTAD, PROGRAMA,
FECHA_INICIO ) VALUES ( 
7, '7', 'sarmiento', 'diaz', '---', 1, 2, NULL); 
INSERT INTO ASPIRANTES ( CODIGO, NOMBRES, APELLIDO1, APELLIDO2, TELEFONO, FACULTAD, PROGRAMA,
FECHA_INICIO ) VALUES ( 
8, '8', 'morales', 'diaz', '---', 1, 2, NULL); 
INSERT INTO ASPIRANTES ( CODIGO, NOMBRES, APELLIDO1, APELLIDO2, TELEFONO, FACULTAD, PROGRAMA,
FECHA_INICIO ) VALUES ( 
9, '9', 'martinez', NULL, '---', 1, 2, NULL); 
INSERT INTO ASPIRANTES ( CODIGO, NOMBRES, APELLIDO1, APELLIDO2, TELEFONO, FACULTAD, PROGRAMA,
FECHA_INICIO ) VALUES ( 
10, '10', 'ruiz', NULL, '---', 1, 2, NULL); 
INSERT INTO ASPIRANTES ( CODIGO, NOMBRES, APELLIDO1, APELLIDO2, TELEFONO, FACULTAD, PROGRAMA,
FECHA_INICIO ) VALUES ( 
11, '11', 'diaz', NULL, '---', 1, 2, NULL); 
INSERT INTO ASPIRANTES ( CODIGO, NOMBRES, APELLIDO1, APELLIDO2, TELEFONO, FACULTAD, PROGRAMA,
FECHA_INICIO ) VALUES ( 
12, '12', 'arias', NULL, '---', 2, 1, NULL); 
INSERT INTO ASPIRANTES ( CODIGO, NOMBRES, APELLIDO1, APELLIDO2, TELEFONO, FACULTAD, PROGRAMA,
FECHA_INICIO ) VALUES ( 
13, '13', 'sanchez', 'roa', '---', 2, 1, NULL); 
INSERT INTO ASPIRANTES ( CODIGO, NOMBRES, APELLIDO1, APELLIDO2, TELEFONO, FACULTAD, PROGRAMA,
FECHA_INICIO ) VALUES ( 
14, '14', 'sanchez', NULL, '---', 2, 1, NULL); 
INSERT INTO ASPIRANTES ( CODIGO, NOMBRES, APELLIDO1, APELLIDO2, TELEFONO, FACULTAD, PROGRAMA,
FECHA_INICIO ) VALUES ( 
15, '15', 'martinez', 'roa', '---', 2, 1, NULL); 
INSERT INTO ASPIRANTES ( CODIGO, NOMBRES, APELLIDO1, APELLIDO2, TELEFONO, FACULTAD, PROGRAMA,
FECHA_INICIO ) VALUES ( 
1, '1', 'calderon', 'martinez', '---', 1, 1, NULL); 
INSERT INTO ASPIRANTES ( CODIGO, NOMBRES, APELLIDO1, APELLIDO2, TELEFONO, FACULTAD, PROGRAMA,
FECHA_INICIO ) VALUES ( 
2, '2', 'moreno', NULL, '---', 1, 1, NULL); 
INSERT INTO ASPIRANTES ( CODIGO, NOMBRES, APELLIDO1, APELLIDO2, TELEFONO, FACULTAD, PROGRAMA,
FECHA_INICIO ) VALUES ( 
3, '3', 'sanchez', 'sanchez', '---', 1, 1, NULL); 
INSERT INTO ASPIRANTES ( CODIGO, NOMBRES, APELLIDO1, APELLIDO2, TELEFONO, FACULTAD, PROGRAMA,
FECHA_INICIO ) VALUES ( 
4, '4', 'ruiz', 'moreno', '---', 1, 1, NULL); 
INSERT INTO ASPIRANTES ( CODIGO, NOMBRES, APELLIDO1, APELLIDO2, TELEFONO, FACULTAD, PROGRAMA,
FECHA_INICIO ) VALUES ( 
5, '5', 'morales', 'ruiz', '---', 1, 1, NULL); 
INSERT INTO ASPIRANTES ( CODIGO, NOMBRES, APELLIDO1, APELLIDO2, TELEFONO, FACULTAD, PROGRAMA,
FECHA_INICIO ) VALUES ( 
6, '6', 'castaño', NULL, '---', 1, 2, NULL); 
INSERT INTO ASPIRANTES ( CODIGO, NOMBRES, APELLIDO1, APELLIDO2, TELEFONO, FACULTAD, PROGRAMA,
FECHA_INICIO ) VALUES ( 
7, '7', 'sarmiento', 'diaz', '---', 1, 2, NULL); 
INSERT INTO ASPIRANTES ( CODIGO, NOMBRES, APELLIDO1, APELLIDO2, TELEFONO, FACULTAD, PROGRAMA,
FECHA_INICIO ) VALUES ( 
8, '8', 'morales', 'diaz', '---', 1, 2, NULL); 
INSERT INTO ASPIRANTES ( CODIGO, NOMBRES, APELLIDO1, APELLIDO2, TELEFONO, FACULTAD, PROGRAMA,
FECHA_INICIO ) VALUES ( 
9, '9', 'martinez', NULL, '---', 1, 2, NULL); 
INSERT INTO ASPIRANTES ( CODIGO, NOMBRES, APELLIDO1, APELLIDO2, TELEFONO, FACULTAD, PROGRAMA,
FECHA_INICIO ) VALUES ( 
10, '10', 'ruiz', NULL, '---', 1, 2, NULL); 
INSERT INTO ASPIRANTES ( CODIGO, NOMBRES, APELLIDO1, APELLIDO2, TELEFONO, FACULTAD, PROGRAMA,
FECHA_INICIO ) VALUES ( 
11, '11', 'diaz', NULL, '---', 1, 2, NULL); 
INSERT INTO ASPIRANTES ( CODIGO, NOMBRES, APELLIDO1, APELLIDO2, TELEFONO, FACULTAD, PROGRAMA,
FECHA_INICIO ) VALUES ( 
12, '12', 'arias', NULL, '---', 2, 1, NULL); 
INSERT INTO ASPIRANTES ( CODIGO, NOMBRES, APELLIDO1, APELLIDO2, TELEFONO, FACULTAD, PROGRAMA,
FECHA_INICIO ) VALUES ( 
13, '13', 'sanchez', 'roa', '---', 2, 1, NULL); 
INSERT INTO ASPIRANTES ( CODIGO, NOMBRES, APELLIDO1, APELLIDO2, TELEFONO, FACULTAD, PROGRAMA,
FECHA_INICIO ) VALUES ( 
14, '14', 'sanchez', NULL, '---', 2, 1, NULL); 
INSERT INTO ASPIRANTES ( CODIGO, NOMBRES, APELLIDO1, APELLIDO2, TELEFONO, FACULTAD, PROGRAMA,
FECHA_INICIO ) VALUES ( 
15, '15', 'martinez', 'roa', '---', 2, 1, NULL); 

 
INSERT INTO ESTUDIANTE ( CODIGO, NOMBRES, APELLIDO1, APELLIDO2, TELEFONO, FACULTAD, PROGRAMA,
FECHA_INICIO ) VALUES ( 
1, 'juan', 'calderon', 'martinez', '---', 1, 1,  CONVERT(DATETIME,'02/01/2008 12:00:00 AM')); 
INSERT INTO ESTUDIANTE ( CODIGO, NOMBRES, APELLIDO1, APELLIDO2, TELEFONO, FACULTAD, PROGRAMA,
FECHA_INICIO ) VALUES ( 
2, 'carlos', 'moreno', NULL, '---', 1, 1,  CONVERT(DATETIME, '02/01/2008 12:00:00 AM')); 
INSERT INTO ESTUDIANTE ( CODIGO, NOMBRES, APELLIDO1, APELLIDO2, TELEFONO, FACULTAD, PROGRAMA,
FECHA_INICIO ) VALUES ( 
3, 'luis', 'sanchez', 'sanchez', '---', 1, 1,  CONVERT(DATETIME, '02/01/2008 12:00:00 AM')); 
INSERT INTO ESTUDIANTE ( CODIGO, NOMBRES, APELLIDO1, APELLIDO2, TELEFONO, FACULTAD, PROGRAMA,
FECHA_INICIO ) VALUES ( 
4, 'pedro', 'ruiz', 'moreno', '---', 1, 1,  CONVERT(DATETIME, '02/01/2008 12:00:00 AM')); 
INSERT INTO ESTUDIANTE ( CODIGO, NOMBRES, APELLIDO1, APELLIDO2, TELEFONO, FACULTAD, PROGRAMA,
FECHA_INICIO ) VALUES ( 
5, 'sandra', 'morales', 'ruiz', '---', 1, 1,  CONVERT(DATETIME, '02/01/2008 12:00:00 AM')); 
INSERT INTO ESTUDIANTE ( CODIGO, NOMBRES, APELLIDO1, APELLIDO2, TELEFONO, FACULTAD, PROGRAMA,
FECHA_INICIO ) VALUES ( 
6, 'milena', 'castaño', NULL, '---', 1, 2,  CONVERT(DATETIME, '02/01/2008 12:00:00 AM')); 
INSERT INTO ESTUDIANTE ( CODIGO, NOMBRES, APELLIDO1, APELLIDO2, TELEFONO, FACULTAD, PROGRAMA,
FECHA_INICIO ) VALUES ( 
7, 'juan andres', 'sarmiento', 'diaz', '---', 1, 2,  CONVERT(DATETIME, '02/01/2008 12:00:00 AM')); 
INSERT INTO ESTUDIANTE ( CODIGO, NOMBRES, APELLIDO1, APELLIDO2, TELEFONO, FACULTAD, PROGRAMA,
FECHA_INICIO ) VALUES ( 
8, 'juan pablo', 'morales', 'diaz', '---', 1, 2,  CONVERT(DATETIME, '02/01/2008 12:00:00 AM')); 
INSERT INTO ESTUDIANTE ( CODIGO, NOMBRES, APELLIDO1, APELLIDO2, TELEFONO, FACULTAD, PROGRAMA,
FECHA_INICIO ) VALUES ( 
9, 'jose', 'martinez', NULL, '---', 1, 2,  CONVERT(DATETIME, '02/01/2008 12:00:00 AM')); 
INSERT INTO ESTUDIANTE ( CODIGO, NOMBRES, APELLIDO1, APELLIDO2, TELEFONO, FACULTAD, PROGRAMA,
FECHA_INICIO ) VALUES ( 
10, 'jose luis', 'ruiz', NULL, '---', 1, 2,  CONVERT(DATETIME, '02/01/2008 12:00:00 AM')); 
INSERT INTO ESTUDIANTE ( CODIGO, NOMBRES, APELLIDO1, APELLIDO2, TELEFONO, FACULTAD, PROGRAMA,
FECHA_INICIO ) VALUES ( 
11, 'rodrigo', 'diaz', NULL, '---', 1, 2,  CONVERT(DATETIME, '02/01/2008 12:00:00 AM')); 
INSERT INTO ESTUDIANTE ( CODIGO, NOMBRES, APELLIDO1, APELLIDO2, TELEFONO, FACULTAD, PROGRAMA,
FECHA_INICIO ) VALUES ( 
12, 'luz', 'arias', NULL, '---', 2, 1,  CONVERT(DATETIME, '02/01/2008 12:00:00 AM')); 
INSERT INTO ESTUDIANTE ( CODIGO, NOMBRES, APELLIDO1, APELLIDO2, TELEFONO, FACULTAD, PROGRAMA,
FECHA_INICIO ) VALUES ( 
13, 'carolina', 'sanchez', 'roa', '---', 2, 1,  CONVERT(DATETIME, '02/01/2008 12:00:00 AM')); 
INSERT INTO ESTUDIANTE ( CODIGO, NOMBRES, APELLIDO1, APELLIDO2, TELEFONO, FACULTAD, PROGRAMA,
FECHA_INICIO ) VALUES ( 
14, 'mariana', 'sanchez', NULL, '---', 2, 1,  CONVERT(DATETIME, '02/01/2008 12:00:00 AM')); 
INSERT INTO ESTUDIANTE ( CODIGO, NOMBRES, APELLIDO1, APELLIDO2, TELEFONO, FACULTAD, PROGRAMA,
FECHA_INICIO ) VALUES ( 
15, 'veronica', 'martinez', 'roa', '---', 2, 1,  CONVERT(DATETIME, '02/01/2008 12:00:00 AM')); 

select *from PAGOS_MATRICULA;
 
 
INSERT INTO PAGOS_MATRICULA ( ESTUDIANTE, ANO, PERIODO, MATRICULA, DESCUENTO,
TOTAL ) VALUES ( 
1, 2008, 1, 680, 0, 680); 
INSERT INTO PAGOS_MATRICULA ( ESTUDIANTE, ANO, PERIODO, MATRICULA, DESCUENTO,
TOTAL ) VALUES ( 
2, 2008, 1, 680, 0, 680); 
INSERT INTO PAGOS_MATRICULA ( ESTUDIANTE, ANO, PERIODO, MATRICULA, DESCUENTO,
TOTAL ) VALUES ( 
3, 2008, 1, 680, 0, 680); 
INSERT INTO PAGOS_MATRICULA ( ESTUDIANTE, ANO, PERIODO, MATRICULA, DESCUENTO,
TOTAL ) VALUES ( 
4, 2008, 1, 680, 0, 680); 
INSERT INTO PAGOS_MATRICULA ( ESTUDIANTE, ANO, PERIODO, MATRICULA, DESCUENTO,
TOTAL ) VALUES ( 
5, 2008, 1, 680, 0, 680); 
INSERT INTO PAGOS_MATRICULA ( ESTUDIANTE, ANO, PERIODO, MATRICULA, DESCUENTO,
TOTAL ) VALUES ( 
6, 2008, 1, 680, 0, 680); 
INSERT INTO PAGOS_MATRICULA ( ESTUDIANTE, ANO, PERIODO, MATRICULA, DESCUENTO,
TOTAL ) VALUES ( 
7, 2008, 1, 680, 0, 680); 
INSERT INTO PAGOS_MATRICULA ( ESTUDIANTE, ANO, PERIODO, MATRICULA, DESCUENTO,
TOTAL ) VALUES ( 
8, 2008, 1, 680, 0, 680); 
INSERT INTO PAGOS_MATRICULA ( ESTUDIANTE, ANO, PERIODO, MATRICULA, DESCUENTO,
TOTAL ) VALUES ( 
9, 2008, 1, 680, 0, 680); 
INSERT INTO PAGOS_MATRICULA ( ESTUDIANTE, ANO, PERIODO, MATRICULA, DESCUENTO,
TOTAL ) VALUES ( 
10, 2008, 1, 680, 0, 680); 
INSERT INTO PAGOS_MATRICULA ( ESTUDIANTE, ANO, PERIODO, MATRICULA, DESCUENTO,
TOTAL ) VALUES ( 
11, 2008, 1, 680, 0, 680); 
INSERT INTO PAGOS_MATRICULA ( ESTUDIANTE, ANO, PERIODO, MATRICULA, DESCUENTO,
TOTAL ) VALUES ( 
12, 2008, 1, 680, 0, 680); 
INSERT INTO PAGOS_MATRICULA ( ESTUDIANTE, ANO, PERIODO, MATRICULA, DESCUENTO,
TOTAL ) VALUES ( 
13, 2008, 1, 680, 0, 680); 
INSERT INTO PAGOS_MATRICULA ( ESTUDIANTE, ANO, PERIODO, MATRICULA, DESCUENTO,
TOTAL ) VALUES ( 
14, 2008, 1, 680, 0, 680); 
INSERT INTO PAGOS_MATRICULA ( ESTUDIANTE, ANO, PERIODO, MATRICULA, DESCUENTO,
TOTAL ) VALUES ( 
15, 2008, 1, 680, 0, 680); 



-----------------------------------------------------


INSERT INTO INSCRIPCIONES ( ESTUDIANTE, ANO, PERIODO, FECHA, FACULTAD, PROGRAMA, MATERIA,
NOTA ) VALUES (
2, 2008, 1,  CONVERT(DATETIME, '05/11/2009 12:00:00 AM'), 1, 1, 2
, 4.7);
INSERT INTO INSCRIPCIONES ( ESTUDIANTE, ANO, PERIODO, FECHA, FACULTAD, PROGRAMA, MATERIA,
NOTA ) VALUES (
2, 2008, 1,  CONVERT(DATETIME, '05/11/2009 12:00:00 AM'), 1, 1, 3
, 3);
INSERT INTO INSCRIPCIONES ( ESTUDIANTE, ANO, PERIODO, FECHA, FACULTAD, PROGRAMA, MATERIA,
NOTA ) VALUES (
2, 2008, 1,  CONVERT(DATETIME, '05/11/2009 12:00:00 AM'), 1, 1, 1
, 4);
INSERT INTO INSCRIPCIONES ( ESTUDIANTE, ANO, PERIODO, FECHA, FACULTAD, PROGRAMA, MATERIA,
NOTA ) VALUES (
3, 2008, 1,  CONVERT(DATETIME, '05/11/2009 12:00:00 AM'), 1, 1, 2
, 1);
INSERT INTO INSCRIPCIONES ( ESTUDIANTE, ANO, PERIODO, FECHA, FACULTAD, PROGRAMA, MATERIA,
NOTA ) VALUES (
3, 2008, 1,  CONVERT(DATETIME, '05/11/2009 12:00:00 AM'), 1, 1, 3
, 2);
INSERT INTO INSCRIPCIONES ( ESTUDIANTE, ANO, PERIODO, FECHA, FACULTAD, PROGRAMA, MATERIA,
NOTA ) VALUES (
3, 2008, 1,  CONVERT(DATETIME, '05/11/2009 12:00:00 AM'), 1, 1, 1
, 3.5);
INSERT INTO INSCRIPCIONES ( ESTUDIANTE, ANO, PERIODO, FECHA, FACULTAD, PROGRAMA, MATERIA,
NOTA ) VALUES (
4, 2008, 1,  CONVERT(DATETIME, '05/11/2009 12:00:00 AM'), 1, 1, 2
, 5);
INSERT INTO INSCRIPCIONES ( ESTUDIANTE, ANO, PERIODO, FECHA, FACULTAD, PROGRAMA, MATERIA,
NOTA ) VALUES (
4, 2008, 1,  CONVERT(DATETIME, '05/11/2009 12:00:00 AM'), 1, 1, 3
, 4.6);
INSERT INTO INSCRIPCIONES ( ESTUDIANTE, ANO, PERIODO, FECHA, FACULTAD, PROGRAMA, MATERIA,
NOTA ) VALUES (
4, 2008, 1,  CONVERT(DATETIME, '05/11/2009 12:00:00 AM'), 1, 1, 1
, 2);
INSERT INTO INSCRIPCIONES ( ESTUDIANTE, ANO, PERIODO, FECHA, FACULTAD, PROGRAMA, MATERIA,
NOTA ) VALUES (
5, 2008, 1,  CONVERT(DATETIME, '05/11/2009 12:00:00 AM'), 1, 1, 2
, 4.5);
INSERT INTO INSCRIPCIONES ( ESTUDIANTE, ANO, PERIODO, FECHA, FACULTAD, PROGRAMA, MATERIA,
NOTA ) VALUES (
5, 2008, 1,  CONVERT(DATETIME, '05/11/2009 12:00:00 AM'), 1, 1, 3
, 3);
INSERT INTO INSCRIPCIONES ( ESTUDIANTE, ANO, PERIODO, FECHA, FACULTAD, PROGRAMA, MATERIA,
NOTA ) VALUES (
5, 2008, 1,  CONVERT(DATETIME, '05/11/2009 12:00:00 AM'), 1, 1, 1
, 4);
INSERT INTO INSCRIPCIONES ( ESTUDIANTE, ANO, PERIODO, FECHA, FACULTAD, PROGRAMA, MATERIA,
NOTA ) VALUES (
6, 2008, 1,  CONVERT(DATETIME, '05/12/2009 12:00:00 AM'), 1, 2, 2
, 2.5);
INSERT INTO INSCRIPCIONES ( ESTUDIANTE, ANO, PERIODO, FECHA, FACULTAD, PROGRAMA, MATERIA,
NOTA ) VALUES (
6, 2008, 1,  CONVERT(DATETIME, '05/12/2009 12:00:00 AM'), 1, 2, 3
, 3.8);
INSERT INTO INSCRIPCIONES ( ESTUDIANTE, ANO, PERIODO, FECHA, FACULTAD, PROGRAMA, MATERIA,
NOTA ) VALUES (
6, 2008, 1,  CONVERT(DATETIME, '05/12/2009 12:00:00 AM'), 1, 2, 1
, 5);
INSERT INTO INSCRIPCIONES ( ESTUDIANTE, ANO, PERIODO, FECHA, FACULTAD, PROGRAMA, MATERIA,
NOTA ) VALUES (
7, 2008, 1,  CONVERT(DATETIME, '05/12/2009 12:00:00 AM'), 1, 2, 2
, 4);
INSERT INTO INSCRIPCIONES ( ESTUDIANTE, ANO, PERIODO, FECHA, FACULTAD, PROGRAMA, MATERIA,
NOTA ) VALUES (
7, 2008, 1,  CONVERT(DATETIME, '05/12/2009 12:00:00 AM'), 1, 2, 3
, 2.9);
INSERT INTO INSCRIPCIONES ( ESTUDIANTE, ANO, PERIODO, FECHA, FACULTAD, PROGRAMA, MATERIA,
NOTA ) VALUES (
7, 2008, 1,  CONVERT(DATETIME, '05/12/2009 12:00:00 AM'), 1, 2, 1
, 3.5);
INSERT INTO INSCRIPCIONES ( ESTUDIANTE, ANO, PERIODO, FECHA, FACULTAD, PROGRAMA, MATERIA,
NOTA ) VALUES (
9, 2008, 2,  CONVERT(DATETIME, '05/12/2009 12:00:00 AM'), 1, 2, 2
, 4);
INSERT INTO INSCRIPCIONES ( ESTUDIANTE, ANO, PERIODO, FECHA, FACULTAD, PROGRAMA, MATERIA,
NOTA ) VALUES (
9, 2008, 2,  CONVERT(DATETIME, '05/12/2009 12:00:00 AM'), 1, 2, 3
, 4.6);
INSERT INTO INSCRIPCIONES ( ESTUDIANTE, ANO, PERIODO, FECHA, FACULTAD, PROGRAMA, MATERIA,
NOTA ) VALUES (
9, 2008, 2,  CONVERT(DATETIME, '05/12/2009 12:00:00 AM'), 1, 2, 1
, 3);
INSERT INTO INSCRIPCIONES ( ESTUDIANTE, ANO, PERIODO, FECHA, FACULTAD, PROGRAMA, MATERIA,
NOTA ) VALUES (
10, 2008, 2,  CONVERT(DATETIME, '05/12/2009 12:00:00 AM'), 1, 2, 2
, 4);
INSERT INTO INSCRIPCIONES ( ESTUDIANTE, ANO, PERIODO, FECHA, FACULTAD, PROGRAMA, MATERIA,
NOTA ) VALUES (
10, 2008, 2,  CONVERT(DATETIME, '05/12/2009 12:00:00 AM'), 1, 2, 3
, 3);
INSERT INTO INSCRIPCIONES ( ESTUDIANTE, ANO, PERIODO, FECHA, FACULTAD, PROGRAMA, MATERIA,
NOTA ) VALUES (
10, 2008, 2,  CONVERT(DATETIME, '05/12/2009 12:00:00 AM'), 1, 2, 1
, 3.5);
INSERT INTO INSCRIPCIONES ( ESTUDIANTE, ANO, PERIODO, FECHA, FACULTAD, PROGRAMA, MATERIA,
NOTA ) VALUES (
12, 2008, 2,  CONVERT(DATETIME, '05/13/2009 12:00:00 AM'), 2, 1, 2
, 2);
INSERT INTO INSCRIPCIONES ( ESTUDIANTE, ANO, PERIODO, FECHA, FACULTAD, PROGRAMA, MATERIA,
NOTA ) VALUES (
12, 2008, 2,  CONVERT(DATETIME, '05/13/2009 12:00:00 AM'), 2, 1, 3
, 4.6);
INSERT INTO INSCRIPCIONES ( ESTUDIANTE, ANO, PERIODO, FECHA, FACULTAD, PROGRAMA, MATERIA,
NOTA ) VALUES (
12, 2008, 2,  CONVERT(DATETIME, '05/13/2009 12:00:00 AM'), 2, 1, 1
, 2);
INSERT INTO INSCRIPCIONES ( ESTUDIANTE, ANO, PERIODO, FECHA, FACULTAD, PROGRAMA, MATERIA,
NOTA ) VALUES (
13, 2008, 2,  CONVERT(DATETIME, '05/13/2009 12:00:00 AM'), 2, 1, 2
, 4);
INSERT INTO INSCRIPCIONES ( ESTUDIANTE, ANO, PERIODO, FECHA, FACULTAD, PROGRAMA, MATERIA,
NOTA ) VALUES (
13, 2008, 2,  CONVERT(DATETIME, '05/13/2009 12:00:00 AM'), 2, 1, 3
, 5);
INSERT INTO INSCRIPCIONES ( ESTUDIANTE, ANO, PERIODO, FECHA, FACULTAD, PROGRAMA, MATERIA,
NOTA ) VALUES (
13, 2008, 2,  CONVERT(DATETIME, '05/13/2009 12:00:00 AM'), 2, 1, 1
, 3.8);
INSERT INTO INSCRIPCIONES ( ESTUDIANTE, ANO, PERIODO, FECHA, FACULTAD, PROGRAMA, MATERIA,
NOTA ) VALUES (
14, 2008, 2,  CONVERT(DATETIME, '05/13/2009 12:00:00 AM'), 2, 1, 2
, 4.4);
INSERT INTO INSCRIPCIONES ( ESTUDIANTE, ANO, PERIODO, FECHA, FACULTAD, PROGRAMA, MATERIA,
NOTA ) VALUES (
14, 2008, 2,  CONVERT(DATETIME, '05/13/2009 12:00:00 AM'), 2, 1, 3
, 4);
INSERT INTO INSCRIPCIONES ( ESTUDIANTE, ANO, PERIODO, FECHA, FACULTAD, PROGRAMA, MATERIA,
NOTA ) VALUES (
14, 2008, 2,  CONVERT(DATETIME, '05/13/2009 12:00:00 AM'), 2, 1, 1
, 3);
INSERT INTO INSCRIPCIONES ( ESTUDIANTE, ANO, PERIODO, FECHA, FACULTAD, PROGRAMA, MATERIA,
NOTA ) VALUES (
15, 2008, 2,  CONVERT(DATETIME, '05/13/2009 12:00:00 AM'), 2, 1, 2
, 2);
INSERT INTO INSCRIPCIONES ( ESTUDIANTE, ANO, PERIODO, FECHA, FACULTAD, PROGRAMA, MATERIA,
NOTA ) VALUES (
15, 2008, 2,  CONVERT(DATETIME, '05/13/2009 12:00:00 AM'), 2, 1, 3
, 4.6);
INSERT INTO INSCRIPCIONES ( ESTUDIANTE, ANO, PERIODO, FECHA, FACULTAD, PROGRAMA, MATERIA,
NOTA ) VALUES (
15, 2008, 2,  CONVERT(DATETIME, '05/13/2009 12:00:00 AM'), 2, 1, 1
, 3.5);
INSERT INTO INSCRIPCIONES ( ESTUDIANTE, ANO, PERIODO, FECHA, FACULTAD, PROGRAMA, MATERIA,
NOTA ) VALUES (
1, 2008, 1,  CONVERT(DATETIME, '05/11/2009 12:00:00 AM'), 1, 1, 2
, 5);
INSERT INTO INSCRIPCIONES ( ESTUDIANTE, ANO, PERIODO, FECHA, FACULTAD, PROGRAMA, MATERIA,
NOTA ) VALUES (
1, 2008, 1,  CONVERT(DATETIME, '05/11/2009 12:00:00 AM'), 1, 1, 3
, 4.6);
INSERT INTO INSCRIPCIONES ( ESTUDIANTE, ANO, PERIODO, FECHA, FACULTAD, PROGRAMA, MATERIA,
NOTA ) VALUES (
1, 2008, 1,  CONVERT(DATETIME, '05/11/2009 12:00:00 AM'), 1, 1, 1
, 3.5); 
